datacenter_name,city,state,company,date,status
Quantum Frederick,Frederick,Maryland,Quantum Loophole,2026-03,Active Protests
AWS Data Center,Lusby,Maryland,Amazon Web Services,2026-03,Active Protests
Unknown Near Mountain Branch Golf Course ,Joppa,Maryland,Unknown Developer,2026-04,Active Protests
AWS Data Center: Blackwell Road,Warrenton,Virginia,Amazon Web Services,2026-01,Active Protests
3250 Digital Drive,Frederick,Maryland,Amazon Web Services,2026-04,Built
Social Security Administration: Urbana,Frederick,Maryland,Social Security Administration,2014,Built
Northern Virginia Data Center (Virginia-2),Ashburn,Virginia,Iron Mountain,,Built
IBM,Harford County,Maryland,IBM,2023-05,Delayed/Canceled
"New Albany, Heath, and Hebron campuses",New Albany,Ohio,Microsoft,2024,Delayed/Canceled
Sentinel Data Centers Data Center,West Jefferson,Ohio,Sentinel Data Centers,2020-04,Delayed/Canceled
Gigaland data center campus,Remington,Virginia,Unknown (developers),2025-09,Delayed/Canceled
Amazon Web Services,Louisa County,Virginia,Amazon Web Services,7,Delayed/Canceled
Prince William Digital Gateway,Prince William,Virginia,QTS and Compass Datacenters,2023,Delayed/Canceled
Roxbury Technology Park,Richmond,Virginia,Diode Ventures,Unknown,Delayed/Canceled
Hunter Hawking Technology Park,Richmond,Virginia,HHHunt,2026-02,Delayed/Canceled
DC Blox's data center,Richmond,Virginia,DC Blox,2024-07,Delayed/Canceled
LFF Industrial Data Center,Rochelle,Illinois,Midwest Power Investors LLC (affiliate of LFF Industrial),Unknown,Delayed/Canceled
Wilmington Amazon Data Services,Wilmington,Ohio,Amazon,12,Delayed/Canceled
AWS Sunbury,Sunbury,Ohio,Amazon,2026-02,Delayed/Canceled
Brightseat Tech Park,Landover,Maryland,"Brightseat Associates, affiliate of Lerner Enterprises and The Tower Cos.",2026,Delayed/Canceled